{"count":1,"self":6382.8250623999993,"total":17836.212323,"children":{"InitializeActuators":{"count":1,"self":0.001527,"total":0.001527,"children":null},"InitializeSensors":{"count":1,"self":0.0011409999999999999,"total":0.0011409999999999999,"children":null},"AgentSendState":{"count":5000010,"self":18.5142688,"total":74.493043,"children":{"CollectObservations":{"count":5000010,"self":12.578467999999999,"total":12.578467999999999,"children":null},"WriteActionMask":{"count":5000010,"self":2.887583,"total":2.887583,"children":null},"RequestDecision":{"count":5000010,"self":11.301895199999999,"total":40.512723,"children":{"AgentInfo.ToProto":{"count":5000010,"self":10.918496,"total":29.210828,"children":{"GenerateSensorData":{"count":5000010,"self":18.2923328,"total":18.292332,"children":null}}}}}}},"DecideAction":{"count":5000010,"self":11206.8026368,"total":11206.802692,"children":null},"AgentAct":{"count":5000010,"self":168.348736,"total":172.08634999999998,"children":{"AgentInfo.ToProto":{"count":709951,"self":1.4194039999999999,"total":3.737618,"children":{"GenerateSensorData":{"count":709951,"self":2.3182139999999998,"total":2.3182139999999998,"children":null}}}}},"AgentInfo.ToProto":{"count":323,"self":0.00095199999999999994,"total":0.0022069999999999998,"children":{"GenerateSensorData":{"count":323,"self":0.001255,"total":0.001255,"children":null}}}},"gauges":{"CoverageSimple.CumulativeReward":{"count":710274,"max":0.9999,"min":-1,"runningAverage":0.770101666,"value":0.749,"weightedAverage":0.778559268}},"metadata":{"timer_format_version":"0.1.0","start_time_seconds":"1687193694","unity_version":"2022.3.1f1","command_line_arguments":"\/home\/jose\/Unity\/Hub\/Editor\/2022.3.1f1\/Editor\/Unity -projectpath \/home\/jose\/coverageOptimization -useHub -hubIPC -cloudEnvironment production -licensingIpc LicenseClient-jose -hubSessionId ea18a30b-efdf-4494-8d4f-499561deb7ed -accessToken JCdHg_w6RLLNW0m8giqFiCngQutNf6-J259zaZOBl9I006f","communication_protocol_version":"1.5.0","com.unity.ml-agents_version":"2.0.1","scene_name":"SimplerScene","end_time_seconds":"1687211530"}}